Banana-almod smoothie,Plain yogurt,Blueberries
Milk,Whole-grain cereal,Blueberries with Almonds
Coffee with cinnamon,Greek yogurt with honey and granola,Almonds
Green Tea,Eggs with toast,Strawberries
Orange Juice,Buckwheat pancakes,"Grapefruit, kiwi and Strawberries"
Water, Poached eggs,Asparagus
Limonade,Brown rice and black beans,"Warm quinoa, spinach, and shitake salad"
Pink Limonade,Almond-crusted barramundi fish,Salmon salad with vinaigrette
Green Tea,Seared lamb chops with anchovies,"Beet, citrus, and avocado salad"
Chamomile Tea,Turkey burger with sweet potato fries,Wild seaweed salad
Blueberry Juice,Lentil and vegetable stew with kale,Walnut-miso noodles
Red Wine,Spaghetti with steamed mussels,Fresh corn and blue potato hash
Pomegranate Juice,Lemon Chicken with kale and potatos,Granola bars with chocolate
Cranberry Juice,Salmon Tacos,Trail mix with nuts and dark chocolate
Infuse water of mint and cucumb er,Tuna pasta,Chocolate chia seed pudding
Ginger and cinnamon tea,Egg yolks,Pumpkin Seeds
Water,Turkey with asparagus,Avocado
Cucumber water,Salmon with salad,Quinoa with beans
Ginger Tea with honey,Tuna Stuffed backed Potato,Turmeric chips
Mint Tea,Spinach and mushroom chicken,Popcorn
